基本信息,标签,关注,职业
,,,,pt_detail
tt_Osakaholic,,,,日本代购



二次元



舞台剧



音乐剧



J家
骑着蜗牛追疯牛,,,,IT数码
胡桃牛奶泽,,,,湖南工业大学 (2014年)
 会计
克里斯曼梨,,,,八三夭饭



上网



摄影



动漫



睡觉



美食



旅游



电影



90后



音乐
柒柒要做辣妈,,,,旅游



网购



懒



美食控



kuma



kame



天秤座



音乐



80后



美食
每天都想静静,,,
我就是我MrMa,,,,校园



大学



天平座



学生



南京



新闻资讯



旅游



军事
临沂校园事,,,,临沂大学 (2017年)
 文学院,临沂生活



教育



临沂
我胖虎可不怕你i,,,,摄影师



建筑



科技



死胖子丶
呆萌小男人w,,,,欣特瑞盾
(2016 - 2016)

 地区：北京 ，海淀区
 职位：技术工程师,河北科技师范学院 (2013年)
 机械电子系,校园生活
无用201210,,,
小拿老耿,,,,曲靖师范学院
(2014 - )

 地区：云南 ，曲靖
 职位：教师教育学院,云南大学滇池学院 (2010年),育儿百科



曲靖生活



视频音乐



美容服饰



美食



80後



处女座



O型血
nonononononooooooooooo,,,,湖北医药学院 (2011年)
 其它院系,美女



看书



篮球



学生
JiangMaguA_,,,
蒙圈的混迹在这更懵圈的世界,,,
强子Kevin,,,,上海对外经贸大学 (2006年),旅游
任少聪,,,
scar_yang,,,,国际关系学院 (2011年)
国际关系学院 (2010年),文艺



IT数码



美食



娱乐



游戏动漫
泰州刷屏小分队,,,,刷屏



凤城



泰州
Strl_,,,,人生無制限会社
(1996 - 2018)

 地区：海外 ，日本
 职位：従業員,五迷



美食爱好者



动漫爱好者



电影爱好者



摄影爱好者



音乐爱好者



文艺青年



90后



摩羯座



学生
关颐不是瓜尔佳,,,,电影爱好者



天秤座



传媒



留学



布丁



收藏



古典音乐



读书分享



校园生活
爱穿裤子的Fish,,,,美女



听歌



自由



宅



80后



音乐,
地才李毅帆,,,,蓝鸟家具
(2009 - 至今),石家庄工商职业学院 (2006年)
 工商管理,音乐



娱乐



策划,
唯唯运V,,,
请你吃冰淇淋v,,,,北京语言大学 (2015年)
 工商管理,校园生活



新闻热点



自媒体
喝屋胡吃on冲,,,,黄石市中城自动化科技有限公司,黄石理工学院 (2008年)
 机电工程学院,湖北生活



处女座



设计



囧
龙家喵叔,,,,中国传媒大学 (1999年)
长长长长长沙我最帅,,,,启承商贸有限公司
(2009 - 2018)

 地区：云南 ，文山
 职位：董事长,湖南商学院 (2012年),房地产



商业



长沙生活
Ihuen,,,,睡懒觉



减肥



设计



旅游
维权到底6443644934,,,
茉莉在加州,,,
魔王莎大人,,,,包钢五中 (2009年)
 高三七班包钢五中,BIGBANG



特鲁姆普



VR大爱



动漫



gazette



学生



旅行



宅
啐你一脸花露水,,,,时代数媒科技股份有限公司

 地区：安徽 ，合肥
 职位：研发事业部,视频音乐



美食



新闻资讯



健康



旅游



体育



投资理财
刘怒怒呀,,,
Angel鹿啊,,,,搞笑幽默



新闻趣事
我--走,,,,黑玫瑰小姐
江河入海奔奔奔,,,,,每天都要磕刚
木床先生,,,,,南京工业大学 (2005年)
 浦江学院,文字



写作



摄影
lllianglovelife,,,
差一点--淑女了,,,,安庆师范大学 (2010年)
 经济与管理学院,视频音乐



校园生活



搞笑幽默



八卦杂谈



学生



睡觉



美食



桌球



爱旅行



双鱼
sos_911,,,,博世,80后



金牛座



BOSCH



龙井苍人



东方电子商务园



瓯江潮
白色衬衫的男生,,,
ChristyHH,,,,,吃货一枚



感性



听音乐



淘宝



美食



时尚
没丫冇愛麗絲,,,,hooligan



榴莲控
方的叶子张,,,,新闻热点



美容服饰



搞笑幽默



名人明星



美食
曾子言,,,,南通言选电子商务有限公司
(2017 - 至今)

 地区：江苏 ，南通
 职位：CEO,Swinburne University of Technology (2008年)
Management Developement Institute of Singapore (2006年)
 Bachelor of Information Technology,手机



电脑



iPhone



IT互联网



Android



科幻电影



魔术



墨尔本



数码
是雀男,,,
小龙虾要减肥_,,,,Deloitte,东北财经大学 (2012年),滨州生活



体育资讯



搞笑幽默
爱因斯板,,,,福建师范大学 (2014年)
幻想家小米,,,,巨蟹座



美食
傲娇的羊驼君,,,,IT数码



美图摄影
DAISY_玲玲玲,,,,江西科技师范大学 (2010年)
 艺术学院,文艺



时尚



摄影控



音乐



名人明星



吃货



美食



投资



搞笑幽默



旅游,[object Object]
脑洞像黑洞,,,,美女



旅游



IT数码
不要吃烤串儿_,,,,浏阳一中 (2014年),视频音乐



星座命理



美食



旅游



名人明星
李琳music,,,,歌手艺人



歌手演员



音乐人



黑龙江



哈尔滨



原创音乐人



原创音乐



李琳



原创歌手



主持人
寻真暗室求物,,,,北方工业大学 (2015年)
 信息工程学院,视频电影



搞笑幽默



徐州生活
房屋永恒,,,,时尚达人



爱旅游



摄影爱好者



深圳



房地产



美图摄影



车世界



名人明星



体育资讯
CC西西妈,,,,淄博艾福迪塑料包装有限公司,美食



育儿百科



淄博生活
无主的咸鱼,,,,华为技术有限公司

 地区：广东 ，广州,黑龙江科技大学 (2013年)
 材料科学与工程学院,健身运动



攝影,
爽爽学姐,,,,雅礼中学 (2012年)
兔子兔子兔子0705,,,,天津机电职业技术学院 (2015年),名人明星
王子-米,,,,健康



新闻资讯



军事



IT数码
Bird_Brain,,,,宝鸡中学 (2009年),大尺度



脏话



欧美音乐



欧美风



英语



性格分裂



羽毛球



健身
军哥哥霸气跑天下,,,,龙山县第一中学
(2013 - 2013)

 地区：湖南 ，湘西土家族苗族自治州
 职位：老师,湘潭大学 (2013年)
 管理学院湘潭大学 (2009年)
 旅游管理学院,西部计划志愿者



研究生支教团



督查队



湘潭大学



PR



HR



管理



旅游
想想团子,,,,读书分享



星座运势
不知所措的小坏蛋,,,,
坚强的Rosa,,,
坚强的Rosa,,,
nkqlhnqdyz,,,,健康



时尚



旅游



美食



体育
小季子最爱主干道的夏天,,,,北京邮电大学 (2007年)
北京邮电大学
 信息与通信工程学院,程序猿



法国工程师



工科女



香水



阿朗



电子产品发烧友



纠结帝



吃货一枚



买衣服控
彭小姐aya,,,,快乐



青春
潇苒知凝愁,,,
Devil花艺师,,,,仙妖



SJ韩庚



SJ官配控



豆花米秀



庚澈
source8023,,,,河南建筑职业技术学院 (2012年)
无所不知小姐_,,,,情感生活
李家Philip,,,,我有饭
(2015 - 至今)

 地区：上海 ，静安区
 职位：Co-Founder,我有饭



李锦记



SIFE



纯属吃货



广东商学院会展



google控



商业模式



公平贸易
Hai科技,,,,社会化媒体



一个人的背包



旅行



摄影



NBA



巨蟹座



读书



宅男



音乐
小孩儿没糖,,,,娱乐



听歌



艺术
勾搭你的不是我,,,,懒人



天秤



神经质
__煎饼果子__,,,
jack过灬客,,,
2雷啊,,,,IT数码



淘宝



看电影



互联网



宅



90后
糙耐犯,,,,自由
橘子桔子我是橙子yo,,,,四川师范大学 (2012年),懒



美食
余生都是你12_,,,,沙雕有限责任公司,惠州大学,射手座



简单



狗狗



微博控



科技



上网



90后
辛治昊,,,,四川传媒学院 (2015年)
 播音与主持艺术系
媷齹邺薅,,,
夏天夏天我是西瓜_,,,,美食



福州生活



微博奇葩



视频音乐



搞笑幽默
ArteeWing,,,,美食
sbbysjw,,,,美食
躺在屋顶上的猫,,,,视频音乐



体育资讯



美图摄影



IT数码



车世界
